id,source,time,view,visible,not_visible,grade,historical_geometry,modern_only,status
SEARCH-old-photo,雅礼中学 2008 校门 上坡 操场 老照片,2026-09-10,search result screening,No adopted calibrated early-period profile,No verified dimensions; irrelevant schools/new campuses not used,R,false,false,"No usable new geometry source; bounded search stopped, not proof of nonexistence"
SEARCH-field,雅礼中学 东塘 操场 下沉 看台 台阶,2026-09-10,search result screening,No adopted calibrated early-period profile,No verified dimensions; irrelevant schools/new campuses not used,R,false,false,"No usable new geometry source; bounded search stopped, not proof of nonexistence"
SEARCH-sina-blog,site:blog.sina.com.cn 雅礼 校园 2007,2026-09-10,search result screening,No adopted calibrated early-period profile,No verified dimensions; irrelevant schools/new campuses not used,R,false,false,"No usable new geometry source; bounded search stopped, not proof of nonexistence"
SEARCH-epoch,雅礼中学 老照片 2006 2010 体育馆 操场,2026-09-10,search result screening,No adopted calibrated early-period profile,No verified dimensions; irrelevant schools/new campuses not used,R,false,false,"No usable new geometry source; bounded search stopped, not proof of nonexistence"
SEARCH-blog-exact,"""雅礼"" ""校门"" site:blog.sina.com.cn",2026-09-10,search result screening,No adopted calibrated early-period profile,No verified dimensions; irrelevant schools/new campuses not used,R,false,false,"No usable new geometry source; bounded search stopped, not proof of nonexistence"
SEARCH-tieba,"""雅礼"" ""校门"" site:tieba.baidu.com",2026-09-10,search result screening,No adopted calibrated early-period profile,No verified dimensions; irrelevant schools/new campuses not used,R,false,false,"No usable new geometry source; bounded search stopped, not proof of nonexistence"
SEARCH-sohu,"""雅礼中学"" ""老校园"" site:sohu.com",2026-09-10,search result screening,No adopted calibrated early-period profile,No verified dimensions; irrelevant schools/new campuses not used,R,false,false,"No usable new geometry source; bounded search stopped, not proof of nonexistence"
SEARCH-netease,"""雅礼中学"" ""老照片"" site:163.com",2026-09-10,search result screening,No adopted calibrated early-period profile,No verified dimensions; irrelevant schools/new campuses not used,R,false,false,"No usable new geometry source; bounded search stopped, not proof of nonexistence"
SEARCH-weibo,"""雅礼中学"" ""校门"" site:weibo.com",2026-09-10,search result screening,No adopted calibrated early-period profile,No verified dimensions; irrelevant schools/new campuses not used,R,false,false,"No usable new geometry source; bounded search stopped, not proof of nonexistence"
SEARCH-school-news,"""雅礼中学"" ""2008"" ""校园"" site:yali.edu.cn",2026-09-10,search result screening,No adopted calibrated early-period profile,No verified dimensions; irrelevant schools/new campuses not used,R,false,false,"No usable new geometry source; bounded search stopped, not proof of nonexistence"
SEARCH-satellite,雅礼中学 东塘 历史 卫星图 2006,2026-09-10,search result screening,No adopted calibrated early-period profile,No verified dimensions; irrelevant schools/new campuses not used,R,false,false,"No usable new geometry source; bounded search stopped, not proof of nonexistence"
SEARCH-baike,雅礼中学 校门 老照片 site:baike.baidu.com,2026-09-10,search result screening,No adopted calibrated early-period profile,No verified dimensions; irrelevant schools/new campuses not used,R,false,false,"No usable new geometry source; bounded search stopped, not proof of nonexistence"
SEARCH-photography,雅礼中学 校园 体育馆 site:500px.com,2026-09-10,search result screening,No adopted calibrated early-period profile,No verified dimensions; irrelevant schools/new campuses not used,R,false,false,"No usable new geometry source; bounded search stopped, not proof of nonexistence"
A-ENTRY,"User Patch03 handover, 2026-09-10",2026-09-10,alumni memory,Entry is uphill and longer/steeper than P02 20m/1m,exact run/rise/breakpoints,A,true,false,reviewed text/user input
A-FIELD,"User Patch03 handover, 2026-09-10",2026-09-10,alumni memory,Field lower than surrounding road and gym side; bounded with barriers,exact depression/access positions,A,true,false,reviewed text/user input
USER-FIELD,User-uploaded 5434e624-3d51-4afc-abdb-def2377cfeeb.png,unknown,field perimeter / four directions,Visible edge/fence and difference between athletic plane and perimeter; late teaching facade excludes literal early-period rendering,"No calibrated vertical datum, exact slope or date",P,true,true,reviewed text/user input
USER-GYM,User-uploaded 194eff35-ee6b-4901-a27f-ed2d16e86c38.png,unknown,gym frontal,"Folded tall shell, recessed windows, front terrace, low entrance steps; left external stair partly visible","No calibrated vertical datum, exact slope or date",P,true,true,reviewed text/user input
USER-GATE,User-uploaded 67d08bc5-8556-49bb-89b6-156b2f9b9801.png,unknown,outside gate inward,"Road recedes inland, doorway and people/vehicle reference scale; perspective uncalibrated","No calibrated vertical datum, exact slope or date",P,true,true,reviewed text/user input
S03-001,https://k.sina.cn/article_6430641585_17f4bcdb1001003x9v.html,2018-03-13,contact-sheet only,No adopted Patch03 metric/geometry claim; unrelated photo/logo/portrait or insufficient view,No calibrated measurement; no uniquely resolved entrance/field section,R,false,false,failed
S03-002,https://k.sina.cn/article_6430641585_17f4bcdb1001003x9v.html,2018-03-13,contact-sheet only,No adopted Patch03 metric/geometry claim; unrelated photo/logo/portrait or insufficient view,No calibrated measurement; no uniquely resolved entrance/field section,R,false,false,downloaded_research_copy
S03-003,https://k.sina.cn/article_6430641585_17f4bcdb1001003x9v.html,2018-03-13,contact-sheet only,No adopted Patch03 metric/geometry claim; unrelated photo/logo/portrait or insufficient view,No calibrated measurement; no uniquely resolved entrance/field section,R,false,false,downloaded_research_copy
S03-004,https://k.sina.cn/article_6430641585_17f4bcdb1001003x9v.html,2018-03-13,contact-sheet only,No adopted Patch03 metric/geometry claim; unrelated photo/logo/portrait or insufficient view,No calibrated measurement; no uniquely resolved entrance/field section,R,false,false,downloaded_research_copy
S03-005,https://k.sina.cn/article_6430641585_17f4bcdb1001003x9v.html,2018-03-13,contact-sheet only,No adopted Patch03 metric/geometry claim; unrelated photo/logo/portrait or insufficient view,No calibrated measurement; no uniquely resolved entrance/field section,R,false,false,downloaded_research_copy
S03-006,https://k.sina.cn/article_6430641585_17f4bcdb1001003x9v.html,2018-03-13,contact-sheet only,No adopted Patch03 metric/geometry claim; unrelated photo/logo/portrait or insufficient view,No calibrated measurement; no uniquely resolved entrance/field section,R,false,false,downloaded_research_copy
S03-007,https://k.sina.cn/article_6430641585_17f4bcdb1001003x9v.html,2018-03-13,contact-sheet only,No adopted Patch03 metric/geometry claim; unrelated photo/logo/portrait or insufficient view,No calibrated measurement; no uniquely resolved entrance/field section,R,false,false,downloaded_research_copy
S03-008,https://k.sina.cn/article_6430641585_17f4bcdb1001003x9v.html,2018-03-13,contact-sheet only,No adopted Patch03 metric/geometry claim; unrelated photo/logo/portrait or insufficient view,No calibrated measurement; no uniquely resolved entrance/field section,R,false,false,downloaded_research_copy
S03-009,https://k.sina.cn/article_6430641585_17f4bcdb1001003x9v.html,2018-03-13,contact-sheet only,No adopted Patch03 metric/geometry claim; unrelated photo/logo/portrait or insufficient view,No calibrated measurement; no uniquely resolved entrance/field section,R,false,false,downloaded_research_copy
S03-010,https://k.sina.cn/article_6430641585_17f4bcdb1001003x9v.html,2018-03-13,contact-sheet only,No adopted Patch03 metric/geometry claim; unrelated photo/logo/portrait or insufficient view,No calibrated measurement; no uniquely resolved entrance/field section,R,false,false,downloaded_research_copy
S03-011,https://k.sina.cn/article_6430641585_17f4bcdb1001003x9v.html,2018-03-13,contact-sheet only,No adopted Patch03 metric/geometry claim; unrelated photo/logo/portrait or insufficient view,No calibrated measurement; no uniquely resolved entrance/field section,R,false,false,downloaded_research_copy
S03-012,https://k.sina.cn/article_6430641585_17f4bcdb1001003x9v.html,2018-03-13,contact-sheet only,No adopted Patch03 metric/geometry claim; unrelated photo/logo/portrait or insufficient view,No calibrated measurement; no uniquely resolved entrance/field section,R,false,false,downloaded_research_copy
S03-013,https://k.sina.cn/article_6430641585_17f4bcdb1001003x9v.html,2018-03-13,outside gate inward,Gate/long inward view; same source composition as USER-GATE,No calibrated measurement; no uniquely resolved entrance/field section,P,true,false,downloaded_research_copy
S03-014,https://k.sina.cn/article_6430641585_17f4bcdb1001003x9v.html,2018-03-13,side-gate alley,Independent narrow side approach; not main entry longitudinal profile,No calibrated measurement; no uniquely resolved entrance/field section,P,true,false,downloaded_research_copy
S03-015,https://k.sina.cn/article_6430641585_17f4bcdb1001003x9v.html,2018-03-13,contact-sheet only,No adopted Patch03 metric/geometry claim; unrelated photo/logo/portrait or insufficient view,No calibrated measurement; no uniquely resolved entrance/field section,R,false,false,downloaded_research_copy
S03-016,https://k.sina.cn/article_6430641585_17f4bcdb1001003x9v.html,2018-03-13,contact-sheet only,No adopted Patch03 metric/geometry claim; unrelated photo/logo/portrait or insufficient view,No calibrated measurement; no uniquely resolved entrance/field section,R,false,false,downloaded_research_copy
S03-017,https://k.sina.cn/article_6430641585_17f4bcdb1001003x9v.html,2018-03-13,gym oblique,"Tall folded shell / entrance platform; article credits 2008 graduate, not a guaranteed 2008 capture",No calibrated measurement; no uniquely resolved entrance/field section,P,true,false,downloaded_research_copy
S03-018,https://k.sina.cn/article_6430641585_17f4bcdb1001003x9v.html,2018-03-13,contact-sheet only,No adopted Patch03 metric/geometry claim; unrelated photo/logo/portrait or insufficient view,No calibrated measurement; no uniquely resolved entrance/field section,R,false,false,downloaded_research_copy
S03-019,https://k.sina.cn/article_6430641585_17f4bcdb1001003x9v.html,2018-03-13,contact-sheet only,No adopted Patch03 metric/geometry claim; unrelated photo/logo/portrait or insufficient view,No calibrated measurement; no uniquely resolved entrance/field section,R,false,false,downloaded_research_copy
S03-020,https://k.sina.cn/article_6430641585_17f4bcdb1001003x9v.html,2018-03-13,gym frontal,"Front terrace, left stair and folded shell; duplicates user gym composition",No calibrated measurement; no uniquely resolved entrance/field section,P,true,false,downloaded_research_copy
S03-021,https://k.sina.cn/article_6430641585_17f4bcdb1001003x9v.html,2018-03-13,contact-sheet only,No adopted Patch03 metric/geometry claim; unrelated photo/logo/portrait or insufficient view,No calibrated measurement; no uniquely resolved entrance/field section,R,false,false,downloaded_research_copy
S03-022,https://k.sina.cn/article_6430641585_17f4bcdb1001003x9v.html,2018-03-13,contact-sheet only,No adopted Patch03 metric/geometry claim; unrelated photo/logo/portrait or insufficient view,No calibrated measurement; no uniquely resolved entrance/field section,R,false,false,downloaded_research_copy
S03-023,https://k.sina.cn/article_6430641585_17f4bcdb1001003x9v.html,2018-03-13,contact-sheet only,No adopted Patch03 metric/geometry claim; unrelated photo/logo/portrait or insufficient view,No calibrated measurement; no uniquely resolved entrance/field section,R,false,false,downloaded_research_copy
S03-024,https://k.sina.cn/article_6430641585_17f4bcdb1001003x9v.html,2018-03-13,contact-sheet only,No adopted Patch03 metric/geometry claim; unrelated photo/logo/portrait or insufficient view,No calibrated measurement; no uniquely resolved entrance/field section,R,false,false,downloaded_research_copy
S03-025,https://k.sina.cn/article_6430641585_17f4bcdb1001003x9v.html,2018-03-13,high view toward main teaching,Whole stadium plane and surrounding boundary; modern teaching facade and striped turf,No calibrated measurement; no uniquely resolved entrance/field section,P,true,true,downloaded_research_copy
S03-026,https://k.sina.cn/article_6430641585_17f4bcdb1001003x9v.html,2018-03-13,field four directions,Same four-image montage as user; boundary relationship not independent new evidence,No calibrated measurement; no uniquely resolved entrance/field section,P,true,true,downloaded_research_copy
S03-027,https://k.sina.cn/article_6430641585_17f4bcdb1001003x9v.html,2018-03-13,field to rostrum and perimeter,Rostrum raised base visible; edge wall and rails; exact dimensions and early-period pavilion not established,No calibrated measurement; no uniquely resolved entrance/field section,P,true,true,downloaded_research_copy
S03-028,https://k.sina.cn/article_6430641585_17f4bcdb1001003x9v.html,2018-03-13,contact-sheet only,No adopted Patch03 metric/geometry claim; unrelated photo/logo/portrait or insufficient view,No calibrated measurement; no uniquely resolved entrance/field section,R,false,false,downloaded_research_copy
S03-029,https://k.sina.cn/article_6430641585_17f4bcdb1001003x9v.html,2018-03-13,contact-sheet only,No adopted Patch03 metric/geometry claim; unrelated photo/logo/portrait or insufficient view,No calibrated measurement; no uniquely resolved entrance/field section,R,false,false,downloaded_research_copy
S03-030,https://k.sina.cn/article_6430641585_17f4bcdb1001003x9v.html,2018-03-13,contact-sheet only,No adopted Patch03 metric/geometry claim; unrelated photo/logo/portrait or insufficient view,No calibrated measurement; no uniquely resolved entrance/field section,R,false,false,downloaded_research_copy
S03-031,https://k.sina.cn/article_6430641585_17f4bcdb1001003x9v.html,2018-03-13,contact-sheet only,No adopted Patch03 metric/geometry claim; unrelated photo/logo/portrait or insufficient view,No calibrated measurement; no uniquely resolved entrance/field section,R,false,false,downloaded_research_copy
S03-032,https://k.sina.cn/article_6430641585_17f4bcdb1001003x9v.html,2018-03-13,contact-sheet only,No adopted Patch03 metric/geometry claim; unrelated photo/logo/portrait or insufficient view,No calibrated measurement; no uniquely resolved entrance/field section,R,false,false,downloaded_research_copy
S03-033,https://k.sina.cn/article_6430641585_17f4bcdb1001003x9v.html,2018-03-13,contact-sheet only,No adopted Patch03 metric/geometry claim; unrelated photo/logo/portrait or insufficient view,No calibrated measurement; no uniquely resolved entrance/field section,R,false,false,downloaded_research_copy
S03-034,https://k.sina.cn/article_6430641585_17f4bcdb1001003x9v.html,2018-03-13,contact-sheet only,No adopted Patch03 metric/geometry claim; unrelated photo/logo/portrait or insufficient view,No calibrated measurement; no uniquely resolved entrance/field section,R,false,false,downloaded_research_copy
S03-035,https://k.sina.cn/article_6430641585_17f4bcdb1001003x9v.html,2018-03-13,contact-sheet only,No adopted Patch03 metric/geometry claim; unrelated photo/logo/portrait or insufficient view,No calibrated measurement; no uniquely resolved entrance/field section,R,false,false,downloaded_research_copy
S03-036,https://k.sina.cn/article_6430641585_17f4bcdb1001003x9v.html,2018-03-13,contact-sheet only,No adopted Patch03 metric/geometry claim; unrelated photo/logo/portrait or insufficient view,No calibrated measurement; no uniquely resolved entrance/field section,R,false,false,downloaded_research_copy
S03-037,https://k.sina.cn/article_6430641585_17f4bcdb1001003x9v.html,2018-03-13,contact-sheet only,No adopted Patch03 metric/geometry claim; unrelated photo/logo/portrait or insufficient view,No calibrated measurement; no uniquely resolved entrance/field section,R,false,false,downloaded_research_copy
S03-038,https://k.sina.cn/article_6430641585_17f4bcdb1001003x9v.html,2018-03-13,old teaching frontage oblique,Older teaching frontage and adjacent open circulation; no complete entry grade or field vertical section,No calibrated measurement; no uniquely resolved entrance/field section,P,true,false,downloaded_research_copy
S03-039,https://k.sina.cn/article_6430641585_17f4bcdb1001003x9v.html,2018-03-13,contact-sheet only,No adopted Patch03 metric/geometry claim; unrelated photo/logo/portrait or insufficient view,No calibrated measurement; no uniquely resolved entrance/field section,R,false,false,downloaded_research_copy
S03-040,https://k.sina.cn/article_6430641585_17f4bcdb1001003x9v.html,2018-03-13,contact-sheet only,No adopted Patch03 metric/geometry claim; unrelated photo/logo/portrait or insufficient view,No calibrated measurement; no uniquely resolved entrance/field section,R,false,false,downloaded_research_copy
S03-047,https://k.sina.cn/article_6430641585_17f4bcdb1001003x9v.html,2018-03-13,contact-sheet only,No adopted Patch03 metric/geometry claim; unrelated photo/logo/portrait or insufficient view,No calibrated measurement; no uniquely resolved entrance/field section,R,false,false,downloaded_research_copy
S03-049,https://k.sina.cn/article_6430641585_17f4bcdb1001003x9v.html,2018-03-13,contact-sheet only,No adopted Patch03 metric/geometry claim; unrelated photo/logo/portrait or insufficient view,No calibrated measurement; no uniquely resolved entrance/field section,R,false,false,downloaded_research_copy
S03-062,https://k.sina.cn/article_6430641585_17f4bcdb1001003x9v.html,2018-03-13,main tree-lined avenue,Perimeter enclosure and road relation; no calibrated levels,No calibrated measurement; no uniquely resolved entrance/field section,P,true,false,downloaded_research_copy
S03-063,https://k.sina.cn/article_6430641585_17f4bcdb1001003x9v.html,2018-03-13,along tree-lined avenue,"Road depth, perimeter rails and adjacent buildings; confirms long approach environment, not 42m or3m",No calibrated measurement; no uniquely resolved entrance/field section,P,true,false,downloaded_research_copy
S03-064,https://k.sina.cn/article_6430641585_17f4bcdb1001003x9v.html,2018-03-13,contact-sheet only,No adopted Patch03 metric/geometry claim; unrelated photo/logo/portrait or insufficient view,No calibrated measurement; no uniquely resolved entrance/field section,R,false,false,downloaded_research_copy
S03-065,https://k.sina.cn/article_6430641585_17f4bcdb1001003x9v.html,2018-03-13,contact-sheet only,No adopted Patch03 metric/geometry claim; unrelated photo/logo/portrait or insufficient view,No calibrated measurement; no uniquely resolved entrance/field section,R,false,false,downloaded_research_copy
S05-005,https://www.cmie.cn/news2/1882.html,2023-12-25,rebuild site collage,Old gym/training-building context only; modern rebuild geometry excluded,No calibrated measurement; no uniquely resolved entrance/field section,P,true,true,downloaded_research_copy
C01-001,https://commons.wikimedia.org/wiki/File:Yali_High_School_sports_field_2006.jpg,unknown,from teaching frontage toward field/gym,Older track with low boundary / planting strip / upper foreground circulation and separate flag platform; no metric field drop,No calibrated measurement; no uniquely resolved entrance/field section,P,true,false,downloaded_research_copy
C01-002,https://commons.wikimedia.org/wiki/File:Yali_High_School_sports_field_2006.jpg,unknown,duplicate of C01-001,Same image and view; do not count as independent corroboration,No calibrated measurement; no uniquely resolved entrance/field section,R,false,false,downloaded_research_copy
C02-001,https://commons.wikimedia.org/wiki/File:Yali_High_School_sports_ground_football_practice.jpg,unknown,contact-sheet only,No adopted Patch03 metric/geometry claim; unrelated photo/logo/portrait or insufficient view,No calibrated measurement; no uniquely resolved entrance/field section,R,false,false,failed
C02-002,https://commons.wikimedia.org/wiki/File:Yali_High_School_sports_ground_football_practice.jpg,unknown,contact-sheet only,No adopted Patch03 metric/geometry claim; unrelated photo/logo/portrait or insufficient view,No calibrated measurement; no uniquely resolved entrance/field section,R,false,false,failed
O01-001,https://www.yali.edu.cn/,unknown,contact-sheet only,No adopted Patch03 metric/geometry claim; unrelated photo/logo/portrait or insufficient view,No calibrated measurement; no uniquely resolved entrance/field section,R,false,false,failed
O01-002,https://www.yali.edu.cn/,unknown,contact-sheet only,No adopted Patch03 metric/geometry claim; unrelated photo/logo/portrait or insufficient view,No calibrated measurement; no uniquely resolved entrance/field section,R,false,false,downloaded_research_copy
O01-003,https://www.yali.edu.cn/,unknown,contact-sheet only,No adopted Patch03 metric/geometry claim; unrelated photo/logo/portrait or insufficient view,No calibrated measurement; no uniquely resolved entrance/field section,R,false,false,failed
O01-004,https://www.yali.edu.cn/,unknown,contact-sheet only,No adopted Patch03 metric/geometry claim; unrelated photo/logo/portrait or insufficient view,No calibrated measurement; no uniquely resolved entrance/field section,R,false,false,downloaded_research_copy
O01-005,https://www.yali.edu.cn/,unknown,contact-sheet only,No adopted Patch03 metric/geometry claim; unrelated photo/logo/portrait or insufficient view,No calibrated measurement; no uniquely resolved entrance/field section,R,false,false,failed
O01-006,https://www.yali.edu.cn/,unknown,contact-sheet only,No adopted Patch03 metric/geometry claim; unrelated photo/logo/portrait or insufficient view,No calibrated measurement; no uniquely resolved entrance/field section,R,false,false,failed
O01-007,https://www.yali.edu.cn/,unknown,contact-sheet only,No adopted Patch03 metric/geometry claim; unrelated photo/logo/portrait or insufficient view,No calibrated measurement; no uniquely resolved entrance/field section,R,false,false,downloaded_research_copy
SINA-TEXT,https://k.sina.com.cn/article_6430641585_17f4bcdb1001003x9v.html,2018-03-13,alumni retrospective text,Text describes inward uphill approach,Length/rise/gradient not specified,R,true,false,reviewed text/user input
CMIE-2023,https://www.cmie.cn/news2/1882.html,2023-12-25,architectural rebuild report,Local gym site described1–1.5m internal difference and surrounding retaining structures; old training level straight track,NOT a 2006 field survey; NOT entry total rise,R,false,true,reviewed text/user input
COMMONS-PRACTICE-METADATA,https://commons.wikimedia.org/wiki/File:Yali_High_School_sports_ground_football_practice.jpg,2006-06-15,"metadata only, not newly image-reviewed",Author X.Zhou; EXIF2006-06-02; upload2006-06-15,This image not downloaded in this pass; C01 collector downloaded another photo twice,R,false,false,reviewed text/user input
